ID,Nom,Cognom1,Cognom2,Grups,Localitat,Tel
1000,Ginger,Warner,Grimes,1rSmxA,Castalla,(589)880-2
1001,Belle,Lyons,Haynes,2nSmxB,Banyeres,(778)299-2
1002,Colton,Silva,Riley,1rSmxA,Muro,(331)682-0
1003,Brian,Valdez,Burt,2nSmxA,Castalla,(673)465-4
1004,Dacey,Logan,Hardy,1rSmxA,Alcoi,(823)635-8
1005,Jeremy,Young,Ferguson,1rSmxB,Banyeres,(187)911-8
1006,Barrett,Mccullough,Fitzgerald,2nSmxB,Alcoi,(148)458-4
1007,Kennan,Morris,Francis,2nSmxA,Banyeres,(918)865-0
1008,Nasim,Ellis,Wilkinson,1rSmxB,Alcoi,(564)495-4
1009,Summer,Mcgee,Elliott,2nSmxB,Banyeres,(772)646-0
1010,Reagan,Tate,Gross,2nSmxB,Ibi,(583)233-3
1011,Fitzgerald,Clayton,Decker,2nSmxB,Banyeres,(200)442-6
1012,Duncan,Collins,Palmer,2nSmxB,Castalla,(390)724-8
1013,Theodore,Pena,Hutchinson,1rSmxA,Alcoi,(872)757-5
1014,Tyler,Gonzalez,Harris,2nSmxA,Ibi,(222)746-2
1015,Reece,Sparks,Whitley,1rSmxB,Ibi,(135)522-1
1016,Ira,Orr,Gill,1rSmxB,Planes,(374)574-0
1017,Melyssa,Simon,William,1rSmxA,Onil,(409)647-2
1018,Anastasia,Reeves,Fischer,2nSmxA,Cocentaina,(715)757-2
1019,Eric,Garrett,Mcmahon,1rSmxB,Castalla,(252)470-7
1020,Curran,Chapman,Carver,1rSmxA,Cocentaina,(986)699-2
1021,Daniel,Wilkinson,Snyder,2nSmxB,Ibi,(100)417-9
1022,Devin,Mcneil,Oneill,1rSmxA,Ibi,(511)771-8
1023,Arsenio,Nelson,Small,2nSmxA,Castalla,(734)480-0
1024,Aurelia,Hyde,Mcdaniel,2nSmxB,Onil,(611)571-5
1025,Maile,Stanley,Black,1rSmxA,Onil,(844)238-3
1026,Nero,Pacheco,Hayden,2nSmxB,Planes,(121)165-7
1027,Eve,Hodge,Swanson,2nSmxB,Banyeres,(447)841-3
1028,Kyla,Livingston,Callahan,1rSmxB,Castalla,(648)132-9
1029,Lucian,Cochran,Hubbard,2nSmxA,Castalla,(961)880-5
1030,Ralph,Dorsey,Duffy,1rSmxB,Banyeres,(442)464-0
1031,Yoshio,Santos,Dunlap,2nSmxA,Onil,(914)956-9
1032,Graham,Black,Day,1rSmxA,Alcoi,(322)453-6
1033,Yael,Rowland,Schneider,1rSmxA,Onil,(463)643-6
1034,Dieter,Nicholson,Coleman,1rSmxB,Cocentaina,(642)714-6
1035,Fredericka,Dean,Cotton,1rSmxB,Castalla,(297)912-8
1036,Sharon,Whitley,Page,2nSmxB,Onil,(329)901-9
1037,Nerea,Bartlett,Shaw,2nSmxB,Planes,(222)471-9
1038,Jada,Potter,Vega,1rSmxB,Banyeres,(750)939-5
1039,Dana,Anthony,Sykes,1rSmxA,Onil,(855)470-4
1040,Wesley,Bryant,Hancock,2nSmxB,Ibi,(632)500-6
1041,Renee,Cline,Mathis,2nSmxA,Castalla,(650)673-9
1042,Gil,Shaw,Galloway,2nSmxB,Cocentaina,(888)677-7
1043,Hilary,Cannon,Edwards,2nSmxB,Alcoi,(323)782-2
1044,Eliana,Davidson,Fuentes,1rSmxB,Alcoi,(645)801-4
1045,Harlan,Morgan,Booth,1rSmxA,Muro,(508)533-0
1046,Graham,Paul,Morton,1rSmxB,Ibi,(695)909-4
1047,Helen,Bryan,Talley,1rSmxB,Castalla,(496)572-1
1048,Vladimir,Avery,Lester,1rSmxB,Castalla,(640)573-4
1049,Rogan,Wong,King,1rSmxB,Cocentaina,(562)805-2
1050,Daniel,Good,Sargent,1rSmxB,Onil,(888)458-4
1051,Curran,Spears,Payne,2nSmxA,Planes,(718)649-1
1052,Clementine,Dominguez,Adams,1rSmxA,Banyeres,(241)144-8
1053,Ebony,Garner,Clay,2nSmxB,Banyeres,(930)555-1
1054,Ferdinand,Edwards,Mayo,2nSmxA,Alcoi,(580)446-2
1055,Kadeem,Walsh,Johnston,2nSmxA,Alcoi,(889)365-8
1056,Jackson,Ross,Marsh,2nSmxA,Cocentaina,(703)716-8
1057,Wallace,Bryant,Crawford,1rSmxA,Planes,(491)551-5
1058,Christen,Pearson,Bradshaw,1rSmxA,Muro,(627)884-2
1059,Curran,Holcomb,Hunter,2nSmxB,Ibi,(486)883-4
1060,Vance,Scott,William,2nSmxB,Onil,(633)585-7
1061,Hollee,Mullins,Osborne,1rSmxA,Planes,(593)902-1
1062,James,Peters,Reeves,1rSmxA,Planes,(131)662-4
1063,Remedios,Montoya,Mccall,1rSmxA,Planes,(479)534-2
1064,Troy,Saunders,Morris,2nSmxB,Onil,(155)601-5
1065,Noelle,Davidson,Brock,1rSmxA,Castalla,(860)803-3
1066,Heather,Stafford,William,2nSmxB,Cocentaina,(321)297-8
1067,Kylan,Wiggins,Hutchinson,1rSmxB,Alcoi,(467)986-2
1068,Amaya,Horn,Buckley,2nSmxA,Cocentaina,(878)601-0
1069,Ishmael,Cruz,Hart,2nSmxA,Castalla,(527)389-3
1070,Daquan,Kirby,Ford,2nSmxB,Banyeres,(474)995-2
1071,Madonna,Madden,Barlow,1rSmxA,Planes,(490)513-4
1072,Lance,Hewitt,Guy,1rSmxA,Banyeres,(264)415-7
1073,Cruz,Francis,Gregory,1rSmxB,Planes,(914)542-5
1074,Emmanuel,Adams,Benton,1rSmxA,Planes,(308)423-6
1075,Jorden,Watkins,Sosa,2nSmxB,Castalla,(201)741-1
1076,Irene,Joyner,White,2nSmxB,Banyeres,(626)914-3
1077,Holmes,Mccray,Kent,2nSmxB,Muro,(950)558-9
1078,Tucker,Rivas,Turner,2nSmxA,Muro,(496)473-8
1079,Vivian,Waller,Bowen,1rSmxA,Planes,(193)240-4
1080,Cruz,Hays,Berger,2nSmxB,Ibi,(784)522-0
1081,Acton,Rivas,Hubbard,1rSmxA,Planes,(795)485-2
1082,Ferris,Carter,Benjamin,2nSmxA,Castalla,(309)800-0
1083,Holly,Harvey,Drake,1rSmxA,Cocentaina,(395)569-7
1084,Germane,Stark,Christian,1rSmxB,Muro,(222)268-7
1085,Tamekah,Martin,Hull,1rSmxA,Onil,(387)263-2
1086,Arthur,Skinner,Richard,1rSmxB,Alcoi,(306)605-3
1087,Jason,Copeland,Sykes,2nSmxA,Alcoi,(388)928-4
1088,Dacey,Head,Coleman,2nSmxA,Muro,(495)896-7
1089,Callum,Banks,Blanchard,1rSmxB,Onil,(216)686-3
1090,Rhona,Hensley,Padilla,2nSmxA,Banyeres,(134)871-7
1091,Doris,Randall,Nelson,1rSmxA,Alcoi,(889)444-2
1092,Stuart,Contreras,Ramsey,2nSmxA,Castalla,(216)869-4
1093,Sebastian,Singleton,Morales,2nSmxA,Muro,(585)834-3
1094,Jessica,Dale,Taylor,1rSmxB,Alcoi,(474)493-5
1095,Susan,Blevins,Lowery,2nSmxB,Alcoi,(408)698-3
1096,Nevada,Arnold,Tucker,2nSmxB,Onil,(199)295-1
1097,Deirdre,Torres,Holloway,1rSmxA,Banyeres,(501)152-5
1098,Marcia,King,Hogan,1rSmxB,Alcoi,(874)937-5
1099,Madeson,Leon,Morse,2nSmxB,Planes,(303)978-1
